address_id,street_address,postal_city,state,zip,year_built,units,use_code,use_description,source_dataset,retrieved_at,resolved_city,resolved_state,county,lat,lon,resolution_method,resolution_confidence,resolution_note,census_place,census_place_geoid,county_subdivision,matched_address
SM001,3223 WILSHIRE BLVD,Santa Monica,CA,90403,2024,53,0500,Five or more apartments,LA County eGIS parcels,2026-10-03T18:03Z,Santa Monica,CA,Los Angeles County,,,postal_city_fallback,0.5,No geocoder could place '3223 WILSHIRE BLVD' (incomplete or misspelled street); assumed legal city = postal city 'Santa Monica'. Needs human check.,,,,
SM002,1211 BERKELEY ST,Santa Monica,CA,90404,1948,14,0500,Five or more apartments,LA County eGIS parcels,2026-10-03T18:03Z,Santa Monica,CA,Los Angeles County,34.039684,-118.472502,census_batch,0.95,"Census batch geocoder exact match '1211 BERKELEY ST, SANTA MONICA, CA, 90404'; inside Santa Monica city",Santa Monica city,0670000,Santa Monica CCD,"1211 BERKELEY ST, SANTA MONICA, CA, 90404"
SM003,1229 PRINCETON ST,Santa Monica,CA,90404,1977,6,0500,Five or more apartments,LA County eGIS parcels,2026-10-03T18:03Z,Santa Monica,CA,Los Angeles County,34.036169,-118.475701,census_batch,0.95,"Census batch geocoder exact match '1229 PRINCETON ST, SANTA MONICA, CA, 90404'; inside Santa Monica city",Santa Monica city,0670000,Santa Monica CCD,"1229 PRINCETON ST, SANTA MONICA, CA, 90404"
SM004,2914 ARIZONA AVE,Santa Monica,CA,90404,1972,6,0500,Five or more apartments,LA County eGIS parcels,2026-10-03T18:03Z,Santa Monica,CA,Los Angeles County,34.037018,-118.47282,census_batch,0.95,"Census batch geocoder exact match '2914 ARIZONA AVE, SANTA MONICA, CA, 90404'; inside Santa Monica city",Santa Monica city,0670000,Santa Monica CCD,"2914 ARIZONA AVE, SANTA MONICA, CA, 90404"
SM005,1427 BERKELEY ST,Santa Monica,CA,90404,1988,7,0500,Five or more apartments,LA County eGIS parcels,2026-10-03T18:03Z,Santa Monica,CA,Los Angeles County,34.036481,-118.468722,census_batch,0.95,"Census batch geocoder exact match '1427 BERKELEY ST, SANTA MONICA, CA, 90404'; inside Santa Monica city",Santa Monica city,0670000,Santa Monica CCD,"1427 BERKELEY ST, SANTA MONICA, CA, 90404"
SM006,1437 HARVARD ST   NO 4,Santa Monica,CA,90404,1956,7,0500,Five or more apartments,LA County eGIS parcels,2026-10-03T18:03Z,Santa Monica,CA,Los Angeles County,34.034002,-118.471603,census_batch,0.95,"Census batch geocoder exact match '1437 HARVARD ST, SANTA MONICA, CA, 90404'; inside Santa Monica city",Santa Monica city,0670000,Santa Monica CCD,"1437 HARVARD ST, SANTA MONICA, CA, 90404"
SM007,1527 PRINCETON ST   APT 0001,Santa Monica,CA,90404,1964,6,0500,Five or more apartments,LA County eGIS parcels,2026-10-03T18:03Z,Santa Monica,CA,Los Angeles County,34.032343,-118.471353,census_batch,0.95,"Census batch geocoder exact match '1527 PRINCETON ST, SANTA MONICA, CA, 90404'; inside Santa Monica city",Santa Monica city,0670000,Santa Monica CCD,"1527 PRINCETON ST, SANTA MONICA, CA, 90404"
SM008,2929 COLORADO AVE,Santa Monica,CA,90404,1963,18,0500,Five or more apartments,LA County eGIS parcels,2026-10-03T18:03Z,Santa Monica,CA,Los Angeles County,34.033126,-118.468088,census_batch,0.95,"Census batch geocoder exact match '2929 COLORADO AVE, SANTA MONICA, CA, 90404'; inside Santa Monica city",Santa Monica city,0670000,Santa Monica CCD,"2929 COLORADO AVE, SANTA MONICA, CA, 90404"
SM009,1660 BERKELEY ST,Santa Monica,CA,90404,1972,6,0500,Five or more apartments,LA County eGIS parcels,2026-10-03T18:03Z,Santa Monica,CA,Los Angeles County,34.033716,-118.465318,census_batch,0.95,"Census batch geocoder exact match '1660 BERKELEY ST, SANTA MONICA, CA, 90404'; inside Santa Monica city",Santa Monica city,0670000,Santa Monica CCD,"1660 BERKELEY ST, SANTA MONICA, CA, 90404"
SM010,2255 29TH ST,Santa Monica,CA,90405,1990,6,0500,Five or more apartments,LA County eGIS parcels,2026-10-03T18:03Z,Santa Monica,CA,Los Angeles County,34.024139,-118.458773,census_batch,0.95,"Census batch geocoder exact match '2255 29TH ST, SANTA MONICA, CA, 90405'; inside Santa Monica city",Santa Monica city,0670000,Santa Monica CCD,"2255 29TH ST, SANTA MONICA, CA, 90405"
SM011,2608 28TH ST,Santa Monica,CA,90405,1951,12,0500,Five or more apartments,LA County eGIS parcels,2026-10-03T18:03Z,Santa Monica,CA,Los Angeles County,34.019727,-118.456683,census_batch,0.95,"Census batch geocoder exact match '2608 28TH ST, SANTA MONICA, CA, 90405'; inside Santa Monica city",Santa Monica city,0670000,Santa Monica CCD,"2608 28TH ST, SANTA MONICA, CA, 90405"
SM012,2201 OAK ST,Santa Monica,CA,90405,,6,0500,Five or more apartments,LA County eGIS parcels,2026-10-03T18:03Z,Santa Monica,CA,Los Angeles County,34.014025,-118.462106,census_batch,0.95,"Census batch geocoder exact match '2201 OAK ST, SANTA MONICA, CA, 90405'; inside Santa Monica city",Santa Monica city,0670000,Santa Monica CCD,"2201 OAK ST, SANTA MONICA, CA, 90405"
SM013,2319 OAK ST,Santa Monica,CA,90405,1962,6,0500,Five or more apartments,LA County eGIS parcels,2026-10-03T18:03Z,Santa Monica,CA,Los Angeles County,34.014724,-118.460908,census_batch,0.95,"Census batch geocoder exact match '2319 OAK ST, SANTA MONICA, CA, 90405'; inside Santa Monica city",Santa Monica city,0670000,Santa Monica CCD,"2319 OAK ST, SANTA MONICA, CA, 90405"
SM014,2122 PICO BLVD   UNIT   D,Santa Monica,CA,90405,1957,8,0500,Five or more apartments,LA County eGIS parcels,2026-10-03T18:03Z,Santa Monica,CA,Los Angeles County,34.020037,-118.468176,census_batch,0.95,"Census batch geocoder exact match '2122 PICO BLVD, SANTA MONICA, CA, 90405'; inside Santa Monica city",Santa Monica city,0670000,Santa Monica CCD,"2122 PICO BLVD, SANTA MONICA, CA, 90405"
SM015,1801 OCEAN PARK BLVD,Santa Monica,CA,90405,1971,23,0500,Five or more apartments,LA County eGIS parcels,2026-10-03T18:03Z,Santa Monica,CA,Los Angeles County,34.013271,-118.465563,census_batch,0.95,"Census batch geocoder exact match '1801 OCEAN PARK BLVD, SANTA MONICA, CA, 90405'; inside Santa Monica city",Santa Monica city,0670000,Santa Monica CCD,"1801 OCEAN PARK BLVD, SANTA MONICA, CA, 90405"
SM016,2701 KANSAS AVE,Santa Monica,CA,90404,,10,0500,Five or more apartments,LA County eGIS parcels,2026-10-03T18:03Z,Santa Monica,CA,Los Angeles County,34.025208,-118.462571,census_batch,0.95,"Census batch geocoder exact match '2701 KANSAS AVE, SANTA MONICA, CA, 90404'; inside Santa Monica city",Santa Monica city,0670000,Santa Monica CCD,"2701 KANSAS AVE, SANTA MONICA, CA, 90404"
SM017,2636 KANSAS AVE,Santa Monica,CA,90404,1959,18,0501,Five or more apartments,LA County eGIS parcels,2026-10-03T18:03Z,Santa Monica,CA,Los Angeles County,34.024858,-118.462793,census_batch,0.95,"Census batch geocoder exact match '2636 KANSAS AVE, SANTA MONICA, CA, 90404'; inside Santa Monica city",Santa Monica city,0670000,Santa Monica CCD,"2636 KANSAS AVE, SANTA MONICA, CA, 90404"
SM018,1843 17TH ST,Santa Monica,CA,90404,1963,9,0500,Five or more apartments,LA County eGIS parcels,2026-10-03T18:03Z,Santa Monica,CA,Los Angeles County,34.020265,-118.475602,census_batch,0.95,"Census batch geocoder exact match '1843 17TH ST, SANTA MONICA, CA, 90404'; inside Santa Monica city",Santa Monica city,0670000,Santa Monica CCD,"1843 17TH ST, SANTA MONICA, CA, 90404"
SM019,2009 19TH ST,Santa Monica,CA,90404,,7,0500,Five or more apartments,LA County eGIS parcels,2026-10-03T18:03Z,Santa Monica,CA,Los Angeles County,34.019813,-118.471386,census_batch,0.95,"Census batch geocoder exact match '2009 19TH ST, SANTA MONICA, CA, 90404'; inside Santa Monica city",Santa Monica city,0670000,Santa Monica CCD,"2009 19TH ST, SANTA MONICA, CA, 90404"
SM020,1922 CLOVERFIELD BLVD,Santa Monica,CA,90404,1954,24,0500,Five or more apartments,LA County eGIS parcels,2026-10-03T18:03Z,Santa Monica,CA,Los Angeles County,34.023881,-118.468517,census_batch,0.95,"Census batch geocoder exact match '1922 CLOVERFIELD BLVD, SANTA MONICA, CA, 90404'; inside Santa Monica city",Santa Monica city,0670000,Santa Monica CCD,"1922 CLOVERFIELD BLVD, SANTA MONICA, CA, 90404"
SM021,1455 24TH ST,Santa Monica,CA,90404,1957,16,0501,Five or more apartments,LA County eGIS parcels,2026-10-03T18:03Z,Santa Monica,CA,Los Angeles County,34.030865,-118.475501,census_batch,0.95,"Census batch geocoder exact match '1455 24TH ST, SANTA MONICA, CA, 90404'; inside Santa Monica city",Santa Monica city,0670000,Santa Monica CCD,"1455 24TH ST, SANTA MONICA, CA, 90404"
SM022,1523 18TH ST,Santa Monica,CA,90404,1976,6,0500,Five or more apartments,LA County eGIS parcels,2026-10-03T18:03Z,Santa Monica,CA,Los Angeles County,34.025529,-118.47989,census_batch,0.95,"Census batch geocoder exact match '1523 18TH ST, SANTA MONICA, CA, 90404'; inside Santa Monica city",Santa Monica city,0670000,Santa Monica CCD,"1523 18TH ST, SANTA MONICA, CA, 90404"
SM023,1143 22ND ST,Santa Monica,CA,90403,1975,5,0500,Five or more apartments,LA County eGIS parcels,2026-10-03T18:03Z,Santa Monica,CA,Los Angeles County,34.033262,-118.481974,census_batch,0.95,"Census batch geocoder exact match '1143 22ND ST, SANTA MONICA, CA, 90403'; inside Santa Monica city",Santa Monica city,0670000,Santa Monica CCD,"1143 22ND ST, SANTA MONICA, CA, 90403"
SM024,1123 17TH ST,Santa Monica,CA,90403,1955,6,0500,Five or more apartments,LA County eGIS parcels,2026-10-03T18:03Z,Santa Monica,CA,Los Angeles County,34.030267,-118.487286,census_batch,0.95,"Census batch geocoder exact match '1123 17TH ST, SANTA MONICA, CA, 90403'; inside Santa Monica city",Santa Monica city,0670000,Santa Monica CCD,"1123 17TH ST, SANTA MONICA, CA, 90403"
SM025,1247 22ND ST,Santa Monica,CA,90404,1956,6,0500,Five or more apartments,LA County eGIS parcels,2026-10-03T18:03Z,Santa Monica,CA,Los Angeles County,34.031928,-118.480385,census_batch,0.95,"Census batch geocoder exact match '1247 22ND ST, SANTA MONICA, CA, 90404'; inside Santa Monica city",Santa Monica city,0670000,Santa Monica CCD,"1247 22ND ST, SANTA MONICA, CA, 90404"
SM026,1338 18TH ST,Santa Monica,CA,90404,1962,5,0500,Five or more apartments,LA County eGIS parcels,2026-10-03T18:03Z,Santa Monica,CA,Los Angeles County,34.027924,-118.482896,census_batch,0.95,"Census batch geocoder exact match '1338 18TH ST, SANTA MONICA, CA, 90404'; inside Santa Monica city",Santa Monica city,0670000,Santa Monica CCD,"1338 18TH ST, SANTA MONICA, CA, 90404"
SM027,843 19TH ST   NO B,Santa Monica,CA,90403,1961,5,0500,Five or more apartments,LA County eGIS parcels,2026-10-03T18:03Z,Santa Monica,CA,Los Angeles County,34.035491,-118.489714,census_batch,0.85,"Census batch geocoder non_exact match '843 19TH ST, SANTA MONICA, CA, 90403'; inside Santa Monica city",Santa Monica city,0670000,Santa Monica CCD,"843 19TH ST, SANTA MONICA, CA, 90403"
SM028,920 18TH ST,Santa Monica,CA,90403,1972,7,0500,Five or more apartments,LA County eGIS parcels,2026-10-03T18:03Z,Santa Monica,CA,Los Angeles County,34.033588,-118.489516,census_batch,0.95,"Census batch geocoder exact match '920 18TH ST, SANTA MONICA, CA, 90403'; inside Santa Monica city",Santa Monica city,0670000,Santa Monica CCD,"920 18TH ST, SANTA MONICA, CA, 90403"
SM029,960 21ST ST,Santa Monica,CA,90403,1961,6,0500,Five or more apartments,LA County eGIS parcels,2026-10-03T18:03Z,Santa Monica,CA,Los Angeles County,34.035375,-118.486081,census_batch,0.95,"Census batch geocoder exact match '960 21ST ST, SANTA MONICA, CA, 90403'; inside Santa Monica city",Santa Monica city,0670000,Santa Monica CCD,"960 21ST ST, SANTA MONICA, CA, 90403"
SM030,1015 18TH ST,Santa Monica,CA,90403,1968,6,0500,Five or more apartments,LA County eGIS parcels,2026-10-03T18:03Z,Santa Monica,CA,Los Angeles County,34.032403,-118.487943,census_batch,0.95,"Census batch geocoder exact match '1015 18TH ST, SANTA MONICA, CA, 90403'; inside Santa Monica city",Santa Monica city,0670000,Santa Monica CCD,"1015 18TH ST, SANTA MONICA, CA, 90403"
SM031,711 9TH ST,Santa Monica,CA,90402,1967,6,0500,Five or more apartments,LA County eGIS parcels,2026-10-03T18:03Z,Santa Monica,CA,Los Angeles County,34.029179,-118.500746,census_batch,0.95,"Census batch geocoder exact match '711 9TH ST, SANTA MONICA, CA, 90402'; inside Santa Monica city",Santa Monica city,0670000,Santa Monica CCD,"711 9TH ST, SANTA MONICA, CA, 90402"
SM032,1022 17TH ST   APT 0001,Santa Monica,CA,90403,1966,7,0500,Five or more apartments,LA County eGIS parcels,2026-10-03T18:03Z,Santa Monica,CA,Los Angeles County,34.031456,-118.488863,census_batch,0.95,"Census batch geocoder exact match '1022 17TH ST, SANTA MONICA, CA, 90403'; inside Santa Monica city",Santa Monica city,0670000,Santa Monica CCD,"1022 17TH ST, SANTA MONICA, CA, 90403"
SM033,960 16TH ST,Santa Monica,CA,90403,1998,10,0500,Five or more apartments,LA County eGIS parcels,2026-10-03T18:03Z,Santa Monica,CA,Los Angeles County,34.031545,-118.490807,census_batch,0.95,"Census batch geocoder exact match '960 16TH ST, SANTA MONICA, CA, 90403'; inside Santa Monica city",Santa Monica city,0670000,Santa Monica CCD,"960 16TH ST, SANTA MONICA, CA, 90403"
SM034,945 14TH ST,Santa Monica,CA,90403,1954,7,0500,Five or more apartments,LA County eGIS parcels,2026-10-03T18:03Z,Santa Monica,CA,Los Angeles County,34.030282,-118.492828,census_batch,0.95,"Census batch geocoder exact match '945 14TH ST, SANTA MONICA, CA, 90403'; inside Santa Monica city",Santa Monica city,0670000,Santa Monica CCD,"945 14TH ST, SANTA MONICA, CA, 90403"
SM035,1321 CALIFORNIA AVE,Santa Monica,CA,90403,1976,5,0500,Five or more apartments,LA County eGIS parcels,2026-10-03T18:03Z,Santa Monica,CA,Los Angeles County,34.027857,-118.490907,census_batch,0.95,"Census batch geocoder exact match '1321 CALIFORNIA AVE, SANTA MONICA, CA, 90403'; inside Santa Monica city",Santa Monica city,0670000,Santa Monica CCD,"1321 CALIFORNIA AVE, SANTA MONICA, CA, 90403"
SM036,831 EUCLID ST,Santa Monica,CA,90403,1927,5,0500,Five or more apartments,LA County eGIS parcels,2026-10-03T18:03Z,Santa Monica,CA,Los Angeles County,34.031045,-118.495561,census_batch,0.95,"Census batch geocoder exact match '831 EUCLID ST, SANTA MONICA, CA, 90403'; inside Santa Monica city",Santa Monica city,0670000,Santa Monica CCD,"831 EUCLID ST, SANTA MONICA, CA, 90403"
SM037,1044 EUCLID ST,Santa Monica,CA,90403,1959,11,0500,Five or more apartments,LA County eGIS parcels,2026-10-03T18:03Z,Santa Monica,CA,Los Angeles County,34.028099,-118.492303,census_batch,0.95,"Census batch geocoder exact match '1044 EUCLID ST, SANTA MONICA, CA, 90403'; inside Santa Monica city",Santa Monica city,0670000,Santa Monica CCD,"1044 EUCLID ST, SANTA MONICA, CA, 90403"
SM038,1034 12TH ST,Santa Monica,CA,90403,1921,5,0500,Five or more apartments,LA County eGIS parcels,2026-10-03T18:03Z,Santa Monica,CA,Los Angeles County,34.027458,-118.493389,census_batch,0.95,"Census batch geocoder exact match '1034 12TH ST, SANTA MONICA, CA, 90403'; inside Santa Monica city",Santa Monica city,0670000,Santa Monica CCD,"1034 12TH ST, SANTA MONICA, CA, 90403"
SM039,821 11TH ST,Santa Monica,CA,90403,1958,10,0500,Five or more apartments,LA County eGIS parcels,2026-10-03T18:03Z,Santa Monica,CA,Los Angeles County,34.029642,-118.497601,census_batch,0.95,"Census batch geocoder exact match '821 11TH ST, SANTA MONICA, CA, 90403'; inside Santa Monica city",Santa Monica city,0670000,Santa Monica CCD,"821 11TH ST, SANTA MONICA, CA, 90403"
SM040,1037 10TH ST,Santa Monica,CA,90403,1968,11,0500,Five or more apartments,LA County eGIS parcels,2026-10-03T18:03Z,Santa Monica,CA,Los Angeles County,34.02601,-118.495195,census_batch,0.95,"Census batch geocoder exact match '1037 10TH ST, SANTA MONICA, CA, 90403'; inside Santa Monica city",Santa Monica city,0670000,Santa Monica CCD,"1037 10TH ST, SANTA MONICA, CA, 90403"
