"SM010","2255 29TH ST, Santa Monica, CA, 90405","Match","Exact","2255 29TH ST, SANTA MONICA, CA, 90405","-118.458773383842,34.024138649728","141568577","L","06","037","702300","5002"
"SM032","1022 17TH ST, Santa Monica, CA, 90403","Match","Exact","1022 17TH ST, SANTA MONICA, CA, 90403","-118.488863218255,34.031456149044","141559296","R","06","037","701501","1006"
"SM031","711 9TH ST, Santa Monica, CA, 90402","Match","Exact","711 9TH ST, SANTA MONICA, CA, 90402","-118.500745909963,34.029178675912","638626157","L","06","037","701304","4009"
"SM012","2201 OAK ST, Santa Monica, CA, 90405","Match","Exact","2201 OAK ST, SANTA MONICA, CA, 90405","-118.462105772801,34.014025345749","141569185","L","06","037","702300","3019"
"SM034","945 14TH ST, Santa Monica, CA, 90403","Match","Exact","945 14TH ST, SANTA MONICA, CA, 90403","-118.492828287084,34.030282264226","141559103","L","06","037","701202","2007"
"SM011","2608 28TH ST, Santa Monica, CA, 90405","Match","Exact","2608 28TH ST, SANTA MONICA, CA, 90405","-118.456683016461,34.01972726228","142717963","R","06","037","702300","5008"
"SM033","960 16TH ST, Santa Monica, CA, 90403","Match","Exact","960 16TH ST, SANTA MONICA, CA, 90403","-118.490807303945,34.031544844518","141559099","R","06","037","701202","2010"
"SM030","1015 18TH ST, Santa Monica, CA, 90403","Match","Exact","1015 18TH ST, SANTA MONICA, CA, 90403","-118.487943025964,34.03240279746","141559292","L","06","037","701501","1003"
"SM018","1843 17TH ST, Santa Monica, CA, 90404","Match","Exact","1843 17TH ST, SANTA MONICA, CA, 90404","-118.475601681508,34.020265411224","141568664","L","06","037","701802","1006"
"SM017","2636 KANSAS AVE, Santa Monica, CA, 90404","Match","Exact","2636 KANSAS AVE, SANTA MONICA, CA, 90404","-118.462792890506,34.024857756795","142717625","R","06","037","701801","3008"
"SM039","821 11TH ST, Santa Monica, CA, 90403","Match","Exact","821 11TH ST, SANTA MONICA, CA, 90403","-118.497600656531,34.029642462995","141559047","L","06","037","701302","3005"
"SM019","2009 19TH ST, Santa Monica, CA, 90404","Match","Exact","2009 19TH ST, SANTA MONICA, CA, 90404","-118.471385593364,34.019813006053","652037102","L","06","037","701802","1009"
"SM014","2122 PICO BLVD, Santa Monica, CA, 90405","Match","Exact","2122 PICO BLVD, SANTA MONICA, CA, 90405","-118.468175795364,34.020036694513","141568751","R","06","037","702300","4024"
"SM036","831 EUCLID ST, Santa Monica, CA, 90403","Match","Exact","831 EUCLID ST, SANTA MONICA, CA, 90403","-118.495561356396,34.031044653976","141559089","L","06","037","701302","3001"
"SM013","2319 OAK ST, Santa Monica, CA, 90405","Match","Exact","2319 OAK ST, SANTA MONICA, CA, 90405","-118.460907736793,34.014723976088","141569213","L","06","037","702300","2006"
"SM035","1321 CALIFORNIA AVE, Santa Monica, CA, 90403","Match","Exact","1321 CALIFORNIA AVE, SANTA MONICA, CA, 90403","-118.490907003853,34.027857039701","639059320","L","06","037","701501","2001"
"SM016","2701 KANSAS AVE, Santa Monica, CA, 90404","Match","Exact","2701 KANSAS AVE, SANTA MONICA, CA, 90404","-118.462570546594,34.02520831042","142717625","L","06","037","701801","3002"
"SM038","1034 12TH ST, Santa Monica, CA, 90403","Match","Exact","1034 12TH ST, SANTA MONICA, CA, 90403","-118.493388629231,34.027458316585","141559120","R","06","037","701501","3000"
"SM015","1801 OCEAN PARK BLVD, Santa Monica, CA, 90405","Match","Exact","1801 OCEAN PARK BLVD, SANTA MONICA, CA, 90405","-118.465563468458,34.013270999341","142453018","L","06","037","702201","1009"
"SM037","1044 EUCLID ST, Santa Monica, CA, 90403","Match","Exact","1044 EUCLID ST, SANTA MONICA, CA, 90403","-118.492302614561,34.028098505737","141559107","R","06","037","701501","2003"
"SM021","1455 24TH ST, Santa Monica, CA, 90404","Match","Exact","1455 24TH ST, SANTA MONICA, CA, 90404","-118.475501446074,34.030865457147","640426175","L","06","037","701701","1003"
"SM020","1922 CLOVERFIELD BLVD, Santa Monica, CA, 90404","Match","Exact","1922 CLOVERFIELD BLVD, SANTA MONICA, CA, 90404","-118.468516847339,34.023880867679","141568319","R","06","037","701801","4010"
"SM001","3223 WILSHIRE BLVD, Santa Monica, CA, 90403","No_Match"
"SM023","1143 22ND ST, Santa Monica, CA, 90403","Match","Exact","1143 22ND ST, SANTA MONICA, CA, 90403","-118.48197361706,34.033262297776","142715793","L","06","037","701601","4021"
"SM022","1523 18TH ST, Santa Monica, CA, 90404","Match","Exact","1523 18TH ST, SANTA MONICA, CA, 90404","-118.479890438131,34.025528848677","141559412","L","06","037","701702","1012"
"SM040","1037 10TH ST, Santa Monica, CA, 90403","Match","Exact","1037 10TH ST, SANTA MONICA, CA, 90403","-118.495195415577,34.026010219401","141559116","L","06","037","701501","3003"
"SM007","1527 PRINCETON ST, Santa Monica, CA, 90404","Match","Exact","1527 PRINCETON ST, SANTA MONICA, CA, 90404","-118.471353124984,34.032343120369","141568216","L","06","037","701701","2014"
"SM029","960 21ST ST, Santa Monica, CA, 90403","Match","Exact","960 21ST ST, SANTA MONICA, CA, 90403","-118.486081144522,34.03537530839","141559216","R","06","037","701202","1013"
"SM006","1437 HARVARD ST NO 4, Santa Monica, CA, 90404","Match","Exact","1437 HARVARD ST, SANTA MONICA, CA, 90404","-118.471603495863,34.034002426981","142717422","L","06","037","701701","2001"
"SM028","920 18TH ST, Santa Monica, CA, 90403","Match","Exact","920 18TH ST, SANTA MONICA, CA, 90403","-118.489515840632,34.033587629645","141559288","R","06","037","701202","2014"
"SM009","1660 BERKELEY ST, Santa Monica, CA, 90404","Match","Exact","1660 BERKELEY ST, SANTA MONICA, CA, 90404","-118.465318410231,34.033715881211","142717522","R","06","037","701801","1011"
"SM008","2929 COLORADO AVE, Santa Monica, CA, 90404","Match","Exact","2929 COLORADO AVE, SANTA MONICA, CA, 90404","-118.468088245573,34.033126312182","624977078","L","06","037","701701","3023"
"SM003","1229 PRINCETON ST, Santa Monica, CA, 90404","Match","Exact","1229 PRINCETON ST, SANTA MONICA, CA, 90404","-118.475701497073,34.036169197791","142717296","L","06","037","701602","2001"
"SM025","1247 22ND ST, Santa Monica, CA, 90404","Match","Exact","1247 22ND ST, SANTA MONICA, CA, 90404","-118.480384597253,34.031928449071","142715804","L","06","037","701602","3007"
"SM002","1211 BERKELEY ST, Santa Monica, CA, 90404","Match","Exact","1211 BERKELEY ST, SANTA MONICA, CA, 90404","-118.472501535008,34.03968362556","655818483","L","06","037","701602","1007"
"SM024","1123 17TH ST, Santa Monica, CA, 90403","Match","Exact","1123 17TH ST, SANTA MONICA, CA, 90403","-118.487285640112,34.030267367733","142715723","L","06","037","701501","1010"
"SM005","1427 BERKELEY ST, Santa Monica, CA, 90404","Match","Exact","1427 BERKELEY ST, SANTA MONICA, CA, 90404","-118.468722223252,34.036481104263","142717364","L","06","037","701701","3002"
"SM027","843 19TH ST NO B, Santa Monica, CA, 90403","Match","Non_Exact","843 19TH ST, SANTA MONICA, CA, 90403","-118.489713773488,34.035490634604","141559196","L","06","037","701202","1005"
"SM004","2914 ARIZONA AVE, Santa Monica, CA, 90404","Match","Exact","2914 ARIZONA AVE, SANTA MONICA, CA, 90404","-118.472820459615,34.037018154825","141568101","R","06","037","701602","1011"
"SM026","1338 18TH ST, Santa Monica, CA, 90404","Match","Exact","1338 18TH ST, SANTA MONICA, CA, 90404","-118.482895666558,34.027924454939","141559394","R","06","037","701502","1010"
