SM001,3223 WILSHIRE BLVD,Santa Monica,CA,90403
SM002,1211 BERKELEY ST,Santa Monica,CA,90404
SM003,1229 PRINCETON ST,Santa Monica,CA,90404
SM004,2914 ARIZONA AVE,Santa Monica,CA,90404
SM005,1427 BERKELEY ST,Santa Monica,CA,90404
SM006,1437 HARVARD ST NO 4,Santa Monica,CA,90404
SM007,1527 PRINCETON ST,Santa Monica,CA,90404
SM008,2929 COLORADO AVE,Santa Monica,CA,90404
SM009,1660 BERKELEY ST,Santa Monica,CA,90404
SM010,2255 29TH ST,Santa Monica,CA,90405
SM011,2608 28TH ST,Santa Monica,CA,90405
SM012,2201 OAK ST,Santa Monica,CA,90405
SM013,2319 OAK ST,Santa Monica,CA,90405
SM014,2122 PICO BLVD,Santa Monica,CA,90405
SM015,1801 OCEAN PARK BLVD,Santa Monica,CA,90405
SM016,2701 KANSAS AVE,Santa Monica,CA,90404
SM017,2636 KANSAS AVE,Santa Monica,CA,90404
SM018,1843 17TH ST,Santa Monica,CA,90404
SM019,2009 19TH ST,Santa Monica,CA,90404
SM020,1922 CLOVERFIELD BLVD,Santa Monica,CA,90404
SM021,1455 24TH ST,Santa Monica,CA,90404
SM022,1523 18TH ST,Santa Monica,CA,90404
SM023,1143 22ND ST,Santa Monica,CA,90403
SM024,1123 17TH ST,Santa Monica,CA,90403
SM025,1247 22ND ST,Santa Monica,CA,90404
SM026,1338 18TH ST,Santa Monica,CA,90404
SM027,843 19TH ST NO B,Santa Monica,CA,90403
SM028,920 18TH ST,Santa Monica,CA,90403
SM029,960 21ST ST,Santa Monica,CA,90403
SM030,1015 18TH ST,Santa Monica,CA,90403
SM031,711 9TH ST,Santa Monica,CA,90402
SM032,1022 17TH ST,Santa Monica,CA,90403
SM033,960 16TH ST,Santa Monica,CA,90403
SM034,945 14TH ST,Santa Monica,CA,90403
SM035,1321 CALIFORNIA AVE,Santa Monica,CA,90403
SM036,831 EUCLID ST,Santa Monica,CA,90403
SM037,1044 EUCLID ST,Santa Monica,CA,90403
SM038,1034 12TH ST,Santa Monica,CA,90403
SM039,821 11TH ST,Santa Monica,CA,90403
SM040,1037 10TH ST,Santa Monica,CA,90403
